atoms,bins,Bin sort,Nearest neighbor,Total elapsed time
50,1,0.0012478110002120957,6.009366903999762,6.012976037000044
1350,27,0.018053815001621842,1728.1050633869982,1728.1257894310002
