atoms,Nearest neighbor,Total elapsed time
50,0.1646366000004491,0.1659556499998871
1350,49.266633090999676,49.267720544999975
