atoms,Total elapsed time
1350,49.903866401000414
3200,272.63898685600725
6250,970.8816703689954
10800,3178.949861598012
17150,7069.98548579801